claim_id,member_id,provider_id,service_date,submitted_date,claim_status,charge_amount,paid_amount,diagnosis_code
C00001,M0016,P004,2026-06-13,2026-06-14,DENIED,198.18,0.0,Z27.1
C00002,M0014,P004,2026-06-23,2026-06-24,PAID,2983.18,1386.88,Z74.9
C00003,M0035,P007,2026-01-07,2026-01-10,PENDING,3601.4,0.0,Z38.7
C00004,M0011,P007,2026-05-31,2026-06-04,PAID,4061.44,3368.57,Z53.4
C00005,M0007,P002,2026-02-09,2026-02-12,DENIED,4789.27,0.0,Z58.1
C00006,M0035,P002,2026-04-02,2026-04-07,PAID,3048.35,2484.0,Z58.1
C00007,M0024,P010,2026-05-22,2026-05-26,PENDING,4159.82,0.0,Z34.1
C00008,M0007,P007,2026-01-12,2026-01-15,PAID,3882.36,3407.39,Z45.7
C00009,M0014,P005,2026-06-12,2026-06-17,DENIED,876.07,0.0,Z99.1
C00010,M0025,P005,2026-06-05,2026-06-07,PAID,2705.64,1438.59,Z91.8
C00011,M0003,P006,2026-02-26,2026-03-03,PAID,4226.05,2385.71,Z61.4
C00012,M0046,P006,2026-01-17,2026-01-20,PENDING,4572.2,0.0,Z37.7
C00013,M0036,P009,2026-04-12,2026-04-19,PAID,778.64,446.41,Z43.9
C00014,M0006,P001,2026-04-20,2026-04-26,PAID,1857.83,1309.33,Z24.2
C00015,M0039,P002,2026-06-10,2026-06-12,DENIED,3975.99,0.0,Z59.6
C00016,M0001,P002,2026-06-02,2026-06-09,PENDING,2680.89,0.0,Z97.8
C00017,M0011,P008,2026-03-10,2026-03-15,DENIED,624.39,0.0,Z10.4
C00018,M0020,P009,2026-05-09,2026-05-11,PAID,2575.33,2279.83,Z87.3
C00019,M0050,P009,2026-02-09,2026-02-14,PENDING,3830.37,0.0,Z10.9
C00020,M0020,P004,2026-03-24,2026-03-31,DENIED,170.92,0.0,Z17.3
C00021,M0005,P009,2026-05-26,2026-05-27,DENIED,496.84,0.0,Z26.2
C00022,M0039,P007,2026-06-18,2026-06-25,PAID,4738.23,2760.15,Z37.8
C00023,M0043,P006,2026-06-26,2026-06-29,DENIED,3586.27,0.0,Z66.8
C00024,M0038,P009,2026-04-26,2026-04-27,PAID,1295.94,802.24,Z39.9
C00025,M0004,P004,2026-02-26,2026-02-26,PENDING,424.64,0.0,Z18.0
C00026,M0043,P008,2026-03-26,2026-03-27,DENIED,2607.22,0.0,Z37.8
C00027,M0027,P004,2026-02-03,2026-02-10,DENIED,1271.76,0.0,Z22.1
C00028,M0030,P001,2026-06-18,2026-06-24,DENIED,1819.92,0.0,Z96.1
C00029,M0013,P009,2026-01-16,2026-01-22,PAID,3661.45,2102.87,Z67.2
C00030,M0005,P008,2026-04-19,2026-04-21,PAID,1446.83,1283.69,Z80.1
C00031,M0032,P008,2026-01-13,2026-01-13,PAID,4847.31,2584.37,Z37.6
C00032,M0017,P008,2026-01-16,2026-01-18,DENIED,1941.44,0.0,Z46.6
C00033,M0014,P001,2026-06-28,2026-07-05,DENIED,837.37,0.0,Z84.8
C00034,M0031,P009,2026-01-16,2026-01-21,PENDING,356.54,0.0,Z77.2
C00035,M0044,P004,2026-01-15,2026-01-16,PAID,4267.86,3190.3,Z61.1
C00036,M0027,P010,2026-05-26,2026-05-29,PAID,2926.18,2222.99,Z82.8
C00037,M0021,P004,2026-03-22,2026-03-26,PENDING,1080.98,0.0,Z43.6
C00038,M0040,P010,2026-02-03,2026-02-07,PAID,2326.83,1057.91,Z22.1
C00039,M0005,P004,2026-05-18,2026-05-21,PAID,2566.48,2352.51,Z57.4
C00040,M0020,P010,2026-02-10,2026-02-17,PENDING,4181.19,0.0,Z93.8
C00041,M0009,P005,2026-01-03,2026-01-07,PAID,4663.9,4288.29,Z24.1
C00042,M0014,P006,2026-05-22,2026-05-24,PENDING,1416.31,0.0,Z36.4
C00043,M0028,P005,2026-05-10,2026-05-17,PAID,1311.77,650.83,Z15.0
C00044,M0011,P008,2026-03-27,2026-03-29,DENIED,3212.78,0.0,Z80.6
C00045,M0010,P009,2026-05-24,2026-05-24,PENDING,625.98,0.0,Z14.5
C00046,M0003,P006,2026-05-30,2026-06-01,PAID,2191.7,1324.07,Z36.3
C00047,M0027,P010,2026-06-20,2026-06-21,PENDING,1816.87,0.0,Z29.3
C00048,M0022,P007,2026-02-11,2026-02-13,PAID,4415.97,2383.21,Z95.3
C00049,M0003,P008,2026-03-10,2026-03-12,PAID,3952.82,2534.83,Z38.3
C00050,M0043,P004,2026-04-28,2026-05-03,PAID,1578.07,886.03,Z61.5
C00051,M0023,P009,2026-03-13,2026-03-14,DENIED,4836.93,0.0,Z61.8
C00052,M0012,P010,2026-03-26,2026-03-26,DENIED,643.06,0.0,Z43.0
C00053,M0028,P010,2026-01-28,2026-02-03,DENIED,1777.51,0.0,Z75.1
C00054,M0028,P001,2026-04-09,2026-04-12,PENDING,1329.51,0.0,Z76.8
C00055,M0022,P010,2026-06-25,2026-06-28,PAID,1868.79,1727.58,Z50.1
C00056,M0026,P005,2026-03-18,2026-03-22,DENIED,3359.45,0.0,Z80.2
C00057,M0044,P003,2026-02-19,2026-02-25,DENIED,3349.78,0.0,Z88.9
C00058,M0014,P007,2026-03-19,2026-03-25,PAID,2773.59,1669.53,Z84.9
C00059,M0044,P004,2026-06-17,2026-06-22,DENIED,2365.07,0.0,Z75.7
C00060,M0041,P010,2026-02-13,2026-02-14,PENDING,1472.65,0.0,Z52.1
C00061,M0003,P004,2026-03-02,2026-03-06,PAID,1181.36,618.65,Z70.9
C00062,M0037,P004,2026-01-19,2026-01-26,PENDING,2116.12,0.0,Z99.6
C00063,M0045,P001,2026-05-07,2026-05-13,PENDING,1276.62,0.0,Z23.6
C00064,M0034,P008,2026-02-26,2026-02-28,PENDING,4035.24,0.0,Z16.8
C00065,M0043,P009,2026-03-05,2026-03-06,DENIED,2323.07,0.0,Z81.9
C00066,M0033,P007,2026-03-23,2026-03-30,PENDING,3092.31,0.0,Z80.7
C00067,M0018,P009,2026-02-10,2026-02-17,PAID,2291.59,1993.53,Z72.3
C00068,M0016,P005,2026-03-12,2026-03-19,DENIED,456.61,0.0,Z52.5
C00069,M0010,P004,2026-05-19,2026-05-20,PAID,756.49,485.3,Z18.6
C00070,M0004,P004,2026-04-15,2026-04-20,DENIED,2747.36,0.0,Z63.6
C00071,M0025,P008,2026-05-30,2026-05-30,PENDING,4294.41,0.0,Z10.5
C00072,M0035,P009,2026-03-18,2026-03-24,DENIED,4278.23,0.0,Z87.3
C00073,M0002,P007,2026-05-05,2026-05-08,DENIED,1419.21,0.0,Z53.6
C00074,M0035,P001,2026-02-12,2026-02-19,PENDING,4603.74,0.0,Z60.9
C00075,M0009,P008,2026-05-25,2026-05-25,DENIED,488.44,0.0,Z33.0
C00076,M0021,P006,2026-03-08,2026-03-14,DENIED,1687.21,0.0,Z58.4
C00077,M0002,P009,2026-04-18,2026-04-22,DENIED,4186.94,0.0,Z16.5
C00078,M0003,P001,2026-02-27,2026-02-28,PENDING,3922.57,0.0,Z41.3
C00079,M0043,P002,2026-01-06,2026-01-08,DENIED,1249.83,0.0,Z82.3
C00080,M0048,P002,2026-04-30,2026-05-04,PAID,3851.97,2900.33,Z30.4
C00081,M0044,P007,2026-01-28,2026-01-28,PENDING,4649.77,0.0,Z60.3
C00082,M0044,P010,2026-01-20,2026-01-23,DENIED,576.86,0.0,Z25.9
C00083,M0024,P002,2026-01-11,2026-01-16,PENDING,2698.77,0.0,Z74.5
C00084,M0024,P008,2026-01-04,2026-01-10,PAID,4124.98,2750.38,Z29.6
C00085,M0050,P008,2026-02-15,2026-02-19,PENDING,3108.37,0.0,Z69.6
C00086,M0006,P005,2026-06-01,2026-06-05,PAID,1662.35,1438.54,Z67.3
C00087,M0021,P003,2026-04-29,2026-05-05,DENIED,1731.75,0.0,Z72.3
C00088,M0045,P005,2026-04-01,2026-04-05,PENDING,1751.17,0.0,Z81.0
C00089,M0027,P008,2026-05-13,2026-05-16,PENDING,496.64,0.0,Z81.3
C00090,M0029,P001,2026-06-26,2026-07-03,DENIED,3256.07,0.0,Z21.4
C00091,M0043,P010,2026-02-26,2026-03-04,DENIED,3482.05,0.0,Z57.7
C00092,M0036,P006,2026-05-22,2026-05-27,PENDING,2170.61,0.0,Z55.7
C00093,M0021,P002,2026-03-11,2026-03-15,PAID,1313.16,1064.5,Z78.2
C00094,M0047,P010,2026-02-19,2026-02-22,DENIED,3712.63,0.0,Z77.9
C00095,M0015,P006,2026-03-14,2026-03-15,DENIED,4175.69,0.0,Z32.4
C00096,M0045,P003,2026-01-04,2026-01-06,PAID,1425.98,1036.23,Z91.7
C00097,M0031,P008,2026-01-27,2026-01-27,DENIED,2902.27,0.0,Z53.2
C00098,M0008,P002,2026-01-14,2026-01-18,DENIED,4709.74,0.0,Z61.7
C00099,M0020,P002,2026-01-19,2026-01-19,PENDING,822.26,0.0,Z41.1
C00100,M0015,P009,2026-05-23,2026-05-29,PENDING,3061.11,0.0,Z58.7
C00101,M0020,P010,2026-04-24,2026-04-28,DENIED,4311.32,0.0,Z89.0
C00102,M0017,P002,2026-06-06,2026-06-07,PAID,4741.88,3616.9,Z30.3
C00103,M0029,P010,2026-02-14,2026-02-15,DENIED,845.92,0.0,Z70.4
C00104,M0045,P008,2026-01-09,2026-01-12,DENIED,1493.92,0.0,Z19.3
C00105,M0015,P003,2026-03-09,2026-03-12,PENDING,2168.81,0.0,Z44.2
C00106,M0039,P010,2026-01-19,2026-01-19,DENIED,892.17,0.0,Z46.7
C00107,M0026,P005,2026-02-01,2026-02-08,PENDING,3466.74,0.0,Z74.8
C00108,M0048,P006,2026-05-07,2026-05-14,PAID,471.18,421.57,Z87.4
C00109,M0037,P010,2026-01-07,2026-01-08,PENDING,1202.45,0.0,Z12.4
C00110,M0042,P008,2026-05-28,2026-05-28,PAID,3833.31,2626.78,Z45.2
C00111,M0006,P008,2026-05-30,2026-06-05,DENIED,3201.31,0.0,Z54.6
C00112,M0045,P008,2026-03-27,2026-04-01,PAID,3375.41,2075.55,Z46.6
C00113,M0017,P006,2026-05-21,2026-05-21,DENIED,2315.02,0.0,Z24.6
C00114,M0030,P007,2026-05-12,2026-05-12,PENDING,3313.98,0.0,Z16.3
C00115,M0041,P008,2026-05-13,2026-05-18,DENIED,3141.47,0.0,Z16.3
C00116,M0045,P008,2026-03-10,2026-03-12,DENIED,4643.79,0.0,Z25.0
C00117,M0036,P001,2026-06-11,2026-06-14,DENIED,3570.68,0.0,Z80.6
C00118,M0008,P003,2026-01-24,2026-01-27,PAID,4961.87,3377.66,Z73.4
C00119,M0031,P004,2026-05-11,2026-05-15,DENIED,2121.29,0.0,Z68.8
C00120,M0033,P003,2026-02-07,2026-02-13,PENDING,1013.76,0.0,Z18.4
C00121,M0018,P001,2026-04-17,2026-04-22,PENDING,4676.17,0.0,Z46.4
C00122,M0035,P008,2026-05-31,2026-06-07,DENIED,4336.41,0.0,Z54.5
C00123,M0013,P004,2026-05-22,2026-05-28,DENIED,2317.57,0.0,Z83.6
C00124,M0031,P007,2026-03-01,2026-03-07,PENDING,289.96,0.0,Z59.2
C00125,M0022,P002,2026-05-07,2026-05-07,PENDING,696.76,0.0,Z66.1
C00126,M0042,P003,2026-05-15,2026-05-22,PAID,150.59,98.63,Z19.7
C00127,M0042,P002,2026-03-09,2026-03-14,DENIED,3144.55,0.0,Z52.8
C00128,M0035,P001,2026-04-08,2026-04-13,DENIED,3161.99,0.0,Z89.1
C00129,M0006,P007,2026-03-02,2026-03-06,PENDING,4987.32,0.0,Z22.1
C00130,M0004,P005,2026-04-24,2026-04-26,PAID,3492.96,1652.15,Z55.5
C00131,M0037,P003,2026-04-21,2026-04-23,DENIED,1277.67,0.0,Z31.2
C00132,M0038,P003,2026-01-21,2026-01-27,PAID,3127.07,2185.3,Z39.7
C00133,M0001,P008,2026-06-13,2026-06-17,PENDING,2338.38,0.0,Z46.8
C00134,M0038,P005,2026-02-10,2026-02-11,DENIED,2250.52,0.0,Z91.6
C00135,M0013,P007,2026-06-26,2026-06-30,DENIED,2324.92,0.0,Z71.1
C00136,M0019,P005,2026-03-02,2026-03-08,PENDING,2891.72,0.0,Z12.6
C00137,M0050,P001,2026-03-12,2026-03-12,PENDING,2862.2,0.0,Z87.7
C00138,M0015,P004,2026-03-15,2026-03-18,DENIED,3064.8,0.0,Z89.4
C00139,M0042,P001,2026-06-23,2026-06-25,PENDING,3169.12,0.0,Z49.7
C00140,M0021,P007,2026-01-09,2026-01-14,PAID,3681.87,3331.41,Z32.3
C00141,M0011,P005,2026-02-03,2026-02-08,DENIED,2689.45,0.0,Z71.4
C00142,M0015,P007,2026-03-28,2026-03-29,PAID,2381.53,1239.3,Z81.5
C00143,M0008,P008,2026-01-24,2026-01-30,PENDING,143.55,0.0,Z57.4
C00144,M0007,P004,2026-05-30,2026-06-05,DENIED,4125.41,0.0,Z70.0
C00145,M0041,P008,2026-06-08,2026-06-13,PAID,4582.64,3546.17,Z99.4
C00146,M0020,P008,2026-06-16,2026-06-22,PAID,649.63,599.69,Z24.1
C00147,M0043,P009,2026-03-02,2026-03-04,DENIED,1989.08,0.0,Z63.9
C00148,M0040,P007,2026-02-09,2026-02-15,DENIED,3300.49,0.0,Z45.0
C00149,M0016,P006,2026-06-26,2026-07-01,DENIED,1145.05,0.0,Z22.5
C00150,M0013,P002,2026-05-20,2026-05-25,DENIED,373.21,0.0,Z68.1
C00151,M0002,P001,2026-06-19,2026-06-22,PENDING,3235.39,0.0,Z52.3
C00152,M0014,P010,2026-02-02,2026-02-05,PENDING,412.91,0.0,Z37.3
C00153,M0001,P005,2026-03-26,2026-03-28,PENDING,3959.07,0.0,Z28.2
C00154,M0002,P003,2026-05-19,2026-05-23,PAID,4007.68,3128.11,Z11.5
C00155,M0004,P003,2026-03-02,2026-03-07,DENIED,152.72,0.0,Z63.8
C00156,M0033,P010,2026-01-30,2026-01-31,DENIED,2420.51,0.0,Z23.7
C00157,M0043,P009,2026-05-09,2026-05-12,PAID,4731.17,3849.38,Z48.7
C00158,M0026,P007,2026-06-14,2026-06-14,DENIED,374.57,0.0,Z97.1
C00159,M0010,P002,2026-05-06,2026-05-13,PAID,436.94,266.99,Z26.4
C00160,M0034,P005,2026-06-09,2026-06-14,PENDING,1950.95,0.0,Z68.8
C00161,M0008,P009,2026-06-04,2026-06-10,PENDING,563.45,0.0,Z37.6
C00162,M0026,P007,2026-04-26,2026-04-29,DENIED,2113.03,0.0,Z22.5
C00163,M0010,P008,2026-04-20,2026-04-25,DENIED,3350.66,0.0,Z18.1
C00164,M0048,P006,2026-01-22,2026-01-23,PENDING,2201.99,0.0,Z26.8
C00165,M0023,P007,2026-01-16,2026-01-21,DENIED,3374.82,0.0,Z16.4
C00166,M0033,P004,2026-06-03,2026-06-07,PENDING,1806.86,0.0,Z29.7
C00167,M0024,P002,2026-02-27,2026-02-28,PENDING,1799.31,0.0,Z45.9
C00168,M0040,P009,2026-02-27,2026-03-05,PENDING,4237.39,0.0,Z13.9
C00169,M0045,P005,2026-06-18,2026-06-22,DENIED,217.59,0.0,Z53.5
C00170,M0043,P007,2026-01-02,2026-01-04,PENDING,4359.07,0.0,Z18.2
C00171,M0014,P007,2026-06-12,2026-06-12,PENDING,526.91,0.0,Z63.7
C00172,M0021,P010,2026-03-29,2026-03-31,PENDING,1897.51,0.0,Z86.1
C00173,M0004,P002,2026-01-14,2026-01-16,PENDING,850.24,0.0,Z44.7
C00174,M0027,P005,2026-06-19,2026-06-25,DENIED,2466.88,0.0,Z37.8
C00175,M0044,P010,2026-01-30,2026-02-04,DENIED,2192.32,0.0,Z72.8
C00176,M0039,P001,2026-06-20,2026-06-24,DENIED,298.68,0.0,Z10.3
C00177,M0019,P006,2026-03-19,2026-03-22,DENIED,3854.2,0.0,Z25.0
C00178,M0035,P004,2026-05-08,2026-05-14,DENIED,940.3,0.0,Z74.8
C00179,M0003,P007,2026-06-21,2026-06-26,PENDING,429.97,0.0,Z12.7
C00180,M0026,P007,2026-01-20,2026-01-25,PENDING,2910.61,0.0,Z47.1
C00181,M0040,P008,2026-04-14,2026-04-14,PAID,4833.53,4111.7,Z98.5
C00182,M0026,P009,2026-01-23,2026-01-29,PAID,4234.09,2827.69,Z20.6
C00183,M0041,P002,2026-03-21,2026-03-26,PAID,1166.24,569.35,Z77.8
C00184,M0010,P004,2026-02-19,2026-02-24,PENDING,1804.17,0.0,Z23.2
C00185,M0042,P002,2026-03-07,2026-03-10,PAID,929.48,771.57,Z32.7
C00186,M0042,P010,2026-04-29,2026-05-06,PENDING,3429.58,0.0,Z51.5
C00187,M0041,P005,2026-02-08,2026-02-15,DENIED,411.31,0.0,Z45.9
C00188,M0030,P008,2026-01-15,2026-01-20,DENIED,2573.63,0.0,Z14.0
C00189,M0033,P007,2026-04-05,2026-04-09,PAID,452.9,343.07,Z69.9
C00190,M0042,P004,2026-05-22,2026-05-22,PENDING,2289.94,0.0,Z51.9
C00191,M0007,P006,2026-05-02,2026-05-04,DENIED,4791.78,0.0,Z20.8
C00192,M0029,P008,2026-06-15,2026-06-17,PENDING,267.77,0.0,Z77.8
C00193,M0025,P007,2026-06-06,2026-06-08,DENIED,1867.2,0.0,Z53.9
C00194,M0025,P005,2026-01-14,2026-01-19,PAID,399.62,291.32,Z42.9
C00195,M0010,P006,2026-02-08,2026-02-13,PENDING,476.4,0.0,Z49.6
C00196,M0042,P006,2026-02-03,2026-02-04,DENIED,1599.69,0.0,Z26.8
C00197,M0012,P004,2026-01-24,2026-01-30,PAID,2579.31,1628.32,Z53.7
C00198,M0007,P009,2026-02-19,2026-02-22,PAID,4999.88,2442.85,Z79.8
C00199,M0009,P010,2026-01-10,2026-01-15,PENDING,4391.23,0.0,Z58.2
C00200,M0011,P008,2026-02-11,2026-02-13,PENDING,4169.37,0.0,Z15.6
